GEO_ID,NAME,Less than 9th grade,Less than 9th grade_MOE,9th to 12th grade (no diploma),9th to 12th grade (no diploma)_MOE,High school graduate (includes equivalency),High school graduate (includes equivalency)_MOE,Some college (no degree),Some college (no degree)_MOE,Associate's degree,Associate's degree_MOE,Bachelor's degree,Bachelor's degree_MOE,Graduate or professional degree,Graduate or professional degree_MOE
1500000US010890002031,Block Group 1; Census Tract 2.03; Madison County; Alabama,27,34,70,78,430,301,292,245,33,35,39,41,69,48
1500000US010890002032,Block Group 2; Census Tract 2.03; Madison County; Alabama,19,28,16,25,755,175,2525,432,75,90,32,31,15,23
1500000US010890002033,Block Group 3; Census Tract 2.03; Madison County; Alabama,9,13,275,192,284,112,169,66,15,23,140,97,13,18
1500000US010890003011,Block Group 1; Census Tract 3.01; Madison County; Alabama,63,58,26,27,338,120,186,101,80,53,46,36,24,35
1500000US010890003012,Block Group 2; Census Tract 3.01; Madison County; Alabama,0,13,56,78,244,119,291,165,79,59,123,93,35,32
1500000US010890003013,Block Group 3; Census Tract 3.01; Madison County; Alabama,60,42,228,135,331,133,345,265,169,86,90,55,22,25
1500000US010890003021,Block Group 1; Census Tract 3.02; Madison County; Alabama,73,78,242,121,1172,642,206,106,169,163,115,80,45,59
1500000US010890003022,Block Group 2; Census Tract 3.02; Madison County; Alabama,46,70,47,57,389,274,166,122,51,45,102,77,75,58
1500000US010890004031,Block Group 1; Census Tract 4.03; Madison County; Alabama,17,20,152,100,319,156,411,130,144,77,379,260,114,61
1500000US010890004032,Block Group 2; Census Tract 4.03; Madison County; Alabama,0,13,26,43,112,100,180,114,15,25,92,97,12,22
1500000US010890004033,Block Group 3; Census Tract 4.03; Madison County; Alabama,84,74,91,72,344,144,373,163,308,189,513,262,222,86
1500000US010890005011,Block Group 1; Census Tract 5.01; Madison County; Alabama,2,3,95,54,200,73,159,83,55,44,114,59,38,27
1500000US010890005012,Block Group 2; Census Tract 5.01; Madison County; Alabama,7,10,113,72,117,75,333,275,72,51,69,53,64,68
1500000US010890005021,Block Group 1; Census Tract 5.02; Madison County; Alabama,38,38,82,59,334,239,111,48,19,25,89,47,30,19
1500000US010890005022,Block Group 2; Census Tract 5.02; Madison County; Alabama,45,55,44,63,233,113,196,86,65,72,164,210,35,29
1500000US010890005031,Block Group 1; Census Tract 5.03; Madison County; Alabama,14,22,12,22,89,65,221,94,72,46,93,43,43,29
1500000US010890005032,Block Group 2; Census Tract 5.03; Madison County; Alabama,35,44,15,19,237,159,322,138,84,50,55,39,33,40
1500000US010890006011,Block Group 1; Census Tract 6.01; Madison County; Alabama,16,18,65,43,164,114,198,153,64,55,66,42,56,39
1500000US010890006012,Block Group 2; Census Tract 6.01; Madison County; Alabama,2,5,6,10,79,62,91,59,51,47,89,55,28,31
1500000US010890006021,Block Group 1; Census Tract 6.02; Madison County; Alabama,54,49,90,56,169,74,265,118,131,153,240,192,67,42
1500000US010890006022,Block Group 2; Census Tract 6.02; Madison County; Alabama,4,8,83,82,166,76,164,92,114,88,174,86,32,28
1500000US010890007011,Block Group 1; Census Tract 7.01; Madison County; Alabama,8,14,283,240,172,95,321,127,35,47,22,36,0,13
1500000US010890007012,Block Group 2; Census Tract 7.01; Madison County; Alabama,11,20,88,73,56,48,79,62,15,26,69,59,57,64
1500000US010890007013,Block Group 3; Census Tract 7.01; Madison County; Alabama,10,22,69,59,98,82,291,160,149,132,330,180,58,62
1500000US010890007021,Block Group 1; Census Tract 7.02; Madison County; Alabama,23,30,129,91,245,119,359,165,138,127,413,143,92,52
1500000US010890007022,Block Group 2; Census Tract 7.02; Madison County; Alabama,23,31,321,241,321,165,404,223,33,54,97,54,26,24
1500000US010890009011,Block Group 1; Census Tract 9.01; Madison County; Alabama,65,65,17,28,101,86,122,96,147,131,339,176,128,90
1500000US010890009012,Block Group 2; Census Tract 9.01; Madison County; Alabama,0,13,44,64,103,65,281,119,84,66,297,225,64,63
1500000US010890009013,Block Group 3; Census Tract 9.01; Madison County; Alabama,0,13,84,121,178,214,282,193,35,56,157,102,196,128
1500000US010890009014,Block Group 4; Census Tract 9.01; Madison County; Alabama,16,25,0,13,151,126,199,157,88,94,392,191,181,114
1500000US010890009021,Block Group 1; Census Tract 9.02; Madison County; Alabama,0,13,324,445,186,77,267,94,62,43,364,127,202,92
1500000US010890009022,Block Group 2; Census Tract 9.02; Madison County; Alabama,10,19,67,56,207,77,145,76,42,37,139,55,67,43
1500000US010890010001,Block Group 1; Census Tract 10; Madison County; Alabama,10,16,16,24,175,115,279,135,54,39,576,162,232,91
1500000US010890010002,Block Group 2; Census Tract 10; Madison County; Alabama,7,13,64,106,290,151,408,174,44,34,308,122,116,56
1500000US010890012001,Block Group 1; Census Tract 12; Madison County; Alabama,80,79,156,118,175,117,207,111,201,267,105,76,33,32
1500000US010890012002,Block Group 2; Census Tract 12; Madison County; Alabama,0,13,54,84,95,86,34,54,31,39,44,64,0,13
1500000US010890012003,Block Group 3; Census Tract 12; Madison County; Alabama,59,45,200,115,281,207,125,94,191,224,30,51,36,55
1500000US010890013011,Block Group 1; Census Tract 13.01; Madison County; Alabama,0,13,190,281,302,218,476,217,44,46,153,75,32,37
1500000US010890013012,Block Group 2; Census Tract 13.01; Madison County; Alabama,0,13,60,72,291,148,526,277,46,50,174,123,89,57
1500000US010890013013,Block Group 3; Census Tract 13.01; Madison County; Alabama,0,13,0,13,158,122,250,176,36,42,0,13,9,15
1500000US010890013021,Block Group 1; Census Tract 13.02; Madison County; Alabama,3,6,96,57,361,182,762,222,160,75,376,136,65,37
1500000US010890014011,Block Group 1; Census Tract 14.01; Madison County; Alabama,43,37,35,33,201,97,329,135,311,218,647,128,460,82
1500000US010890014031,Block Group 1; Census Tract 14.03; Madison County; Alabama,0,13,204,176,327,241,91,88,102,98,674,345,203,132
1500000US010890014032,Block Group 2; Census Tract 14.03; Madison County; Alabama,0,13,0,13,79,52,270,123,112,71,242,130,89,68
1500000US010890014041,Block Group 1; Census Tract 14.04; Madison County; Alabama,0,13,0,13,197,148,436,297,32,58,127,107,53,54
1500000US010890014042,Block Group 2; Census Tract 14.04; Madison County; Alabama,29,36,18,28,231,163,305,233,230,153,45,61,45,54
1500000US010890014043,Block Group 3; Census Tract 14.04; Madison County; Alabama,26,42,14,22,243,133,149,90,97,106,231,153,350,192
1500000US010890015001,Block Group 1; Census Tract 15; Madison County; Alabama,21,26,23,38,447,279,246,105,46,45,458,300,329,244
1500000US010890015002,Block Group 2; Census Tract 15; Madison County; Alabama,31,38,0,13,301,177,664,327,33,35,99,66,24,31
1500000US010890015003,Block Group 3; Census Tract 15; Madison County; Alabama,22,26,61,82,343,174,1453,405,97,119,38,40,24,28
1500000US010890015004,Block Group 4; Census Tract 15; Madison County; Alabama,0,13,74,69,148,109,45,42,20,26,90,59,71,58
1500000US010890017001,Block Group 1; Census Tract 17; Madison County; Alabama,23,36,0,13,26,20,76,38,0,13,307,90,196,75
1500000US010890017002,Block Group 2; Census Tract 17; Madison County; Alabama,6,9,12,14,172,111,105,54,37,23,288,96,227,69
1500000US010890018011,Block Group 1; Census Tract 18.01; Madison County; Alabama,0,13,11,16,132,87,169,123,26,32,468,124,467,111
1500000US010890018012,Block Group 2; Census Tract 18.01; Madison County; Alabama,0,13,0,13,40,32,118,77,44,28,185,67,257,126
1500000US010890018013,Block Group 3; Census Tract 18.01; Madison County; Alabama,0,13,13,14,118,93,56,54,58,65,222,69,328,172
1500000US010890019011,Block Group 1; Census Tract 19.01; Madison County; Alabama,0,13,0,13,114,74,147,89,32,28,200,108,320,162
1500000US010890019012,Block Group 2; Census Tract 19.01; Madison County; Alabama,0,13,73,52,41,60,88,50,0,13,405,171,438,123
1500000US010890019013,Block Group 3; Census Tract 19.01; Madison County; Alabama,15,23,0,13,27,24,146,79,44,35,388,134,318,103
1500000US010890019021,Block Group 1; Census Tract 19.02; Madison County; Alabama,0,13,23,3,167,75,311,139,49,37,573,133,675,146
1500000US010890019031,Block Group 1; Census Tract 19.03; Madison County; Alabama,16,22,39,26,145,54,296,89,28,23,493,87,645,132
1500000US010890020001,Block Group 1; Census Tract 20; Madison County; Alabama,0,13,2,4,53,53,88,56,30,27,207,77,150,74
1500000US010890020002,Block Group 2; Census Tract 20; Madison County; Alabama,0,13,26,27,124,72,107,57,44,35,488,210,355,158
1500000US010890021001,Block Group 1; Census Tract 21; Madison County; Alabama,30,35,110,103,100,82,91,71,0,13,18,27,0,13
1500000US010890021002,Block Group 2; Census Tract 21; Madison County; Alabama,29,36,67,69,185,90,130,84,53,82,51,43,15,23
1500000US010890021003,Block Group 3; Census Tract 21; Madison County; Alabama,37,57,21,27,161,90,70,53,4,8,156,107,214,224
1500000US010890022001,Block Group 1; Census Tract 22; Madison County; Alabama,37,32,52,38,518,164,237,125,48,41,79,56,37,33
1500000US010890022002,Block Group 2; Census Tract 22; Madison County; Alabama,57,52,31,34,112,65,32,26,38,32,73,45,93,93
1500000US010890023001,Block Group 1; Census Tract 23; Madison County; Alabama,12,21,5,13,158,140,176,133,25,40,139,95,29,32
1500000US010890023002,Block Group 2; Census Tract 23; Madison County; Alabama,12,19,141,131,175,86,404,179,58,41,56,57,12,23
1500000US010890023003,Block Group 3; Census Tract 23; Madison County; Alabama,0,13,258,265,202,111,506,535,33,39,75,94,16,26
1500000US010890023004,Block Group 4; Census Tract 23; Madison County; Alabama,40,59,0,13,205,107,616,278,37,46,253,184,12,20
1500000US010890024001,Block Group 1; Census Tract 24; Madison County; Alabama,0,13,154,154,46,74,158,183,0,13,2,5,0,13
1500000US010890024002,Block Group 2; Census Tract 24; Madison County; Alabama,0,13,99,87,219,146,325,209,50,53,50,60,36,40
1500000US010890024003,Block Group 3; Census Tract 24; Madison County; Alabama,0,13,131,141,186,160,173,178,60,102,119,138,52,37
1500000US010890024004,Block Group 4; Census Tract 24; Madison County; Alabama,65,99,29,44,282,193,282,180,75,108,159,183,40,91
1500000US010890025011,Block Group 1; Census Tract 25.01; Madison County; Alabama,0,13,83,71,225,110,288,169,75,86,57,52,18,28
1500000US010890025012,Block Group 2; Census Tract 25.01; Madison County; Alabama,44,64,35,33,125,63,54,61,0,13,16,24,0,13
1500000US010890025013,Block Group 3; Census Tract 25.01; Madison County; Alabama,19,28,39,45,219,217,128,97,0,13,23,36,17,27
1500000US010890025021,Block Group 1; Census Tract 25.02; Madison County; Alabama,0,13,37,60,73,86,14,39,0,13,36,52,5,29
1500000US010890025022,Block Group 2; Census Tract 25.02; Madison County; Alabama,0,13,63,82,227,189,651,411,92,106,136,91,43,43
1500000US010890025023,Block Group 3; Census Tract 25.02; Madison County; Alabama,0,13,26,37,244,155,488,202,97,70,47,51,136,103
1500000US010890026001,Block Group 1; Census Tract 26; Madison County; Alabama,53,57,32,35,177,81,399,202,174,220,240,101,34,51
1500000US010890026002,Block Group 2; Census Tract 26; Madison County; Alabama,0,13,0,13,157,89,158,90,15,24,216,148,171,98
1500000US010890026003,Block Group 3; Census Tract 26; Madison County; Alabama,0,13,63,75,102,95,331,123,165,117,607,267,339,153
1500000US010890027011,Block Group 1; Census Tract 27.01; Madison County; Alabama,0,13,14,22,111,53,228,91,66,42,324,102,250,96
1500000US010890027012,Block Group 2; Census Tract 27.01; Madison County; Alabama,36,32,233,164,183,71,590,364,146,105,166,77,71,42
1500000US010890027211,Block Group 1; Census Tract 27.21; Madison County; Alabama,0,13,13,15,198,86,209,77,98,71,485,113,460,128
1500000US010890027212,Block Group 2; Census Tract 27.21; Madison County; Alabama,0,13,46,31,319,144,527,150,320,228,548,137,221,84
1500000US010890027221,Block Group 1; Census Tract 27.22; Madison County; Alabama,0,13,0,13,111,75,153,87,72,45,391,109,163,77
1500000US010890027222,Block Group 2; Census Tract 27.22; Madison County; Alabama,0,13,57,59,172,93,286,154,74,39,446,140,450,187
1500000US010890028011,Block Group 1; Census Tract 28.01; Madison County; Alabama,0,13,174,241,189,91,275,149,26,28,271,144,142,91
1500000US010890028012,Block Group 2; Census Tract 28.01; Madison County; Alabama,0,13,133,141,171,107,442,240,39,41,429,146,232,100
1500000US010890028013,Block Group 3; Census Tract 28.01; Madison County; Alabama,5,10,30,44,169,78,394,213,39,40,487,354,178,89
1500000US010890028031,Block Group 1; Census Tract 28.03; Madison County; Alabama,25,49,147,108,146,72,354,161,150,73,458,201,133,89
1500000US010890028032,Block Group 2; Census Tract 28.03; Madison County; Alabama,49,75,95,61,439,182,521,194,210,121,571,157,173,93
1500000US010890028041,Block Group 1; Census Tract 28.04; Madison County; Alabama,0,13,0,13,214,144,124,81,15,25,204,127,38,41
1500000US010890028042,Block Group 2; Census Tract 28.04; Madison County; Alabama,10,16,20,22,360,273,276,111,244,117,655,248,262,105
1500000US010890029111,Block Group 1; Census Tract 29.11; Madison County; Alabama,25,27,24,25,171,124,325,118,62,42,668,218,426,105
1500000US010890029112,Block Group 2; Census Tract 29.11; Madison County; Alabama,0,13,25,34,301,166,194,74,72,55,216,82,82,45
1500000US010890029113,Block Group 3; Census Tract 29.11; Madison County; Alabama,36,47,25,31,178,73,174,68,51,35,322,214,141,93
1500000US010890029121,Block Group 1; Census Tract 29.12; Madison County; Alabama,0,13,0,13,82,35,129,57,69,40,509,226,287,68
1500000US010890029122,Block Group 2; Census Tract 29.12; Madison County; Alabama,0,13,36,30,151,66,110,49,127,91,222,69,185,66
1500000US010890029221,Block Group 1; Census Tract 29.22; Madison County; Alabama,23,28,58,52,271,219,202,83,114,88,272,98,145,76
1500000US010890029222,Block Group 2; Census Tract 29.22; Madison County; Alabama,0,13,39,38,152,71,184,97,137,110,649,146,417,101
1500000US010890029223,Block Group 3; Census Tract 29.22; Madison County; Alabama,0,13,7,14,91,45,128,68,70,39,238,98,105,66
1500000US010890029231,Block Group 1; Census Tract 29.23; Madison County; Alabama,17,28,52,63,219,113,273,169,51,48,256,178,28,37
1500000US010890029232,Block Group 2; Census Tract 29.23; Madison County; Alabama,0,13,84,115,28,33,96,51,20,31,291,104,276,140
1500000US010890029233,Block Group 3; Census Tract 29.23; Madison County; Alabama,0,13,12,19,98,70,162,119,62,55,196,126,127,81
1500000US010890029241,Block Group 1; Census Tract 29.24; Madison County; Alabama,10,20,115,89,149,114,183,88,81,54,309,162,230,112
1500000US010890029242,Block Group 2; Census Tract 29.24; Madison County; Alabama,0,13,17,16,186,98,561,294,39,32,776,323,477,237
1500000US010890030001,Block Group 1; Census Tract 30; Madison County; Alabama,5,11,123,86,161,92,215,143,71,51,67,52,0,13
1500000US010890030002,Block Group 2; Census Tract 30; Madison County; Alabama,72,83,200,114,368,198,489,295,71,58,72,70,27,27
1500000US010890031001,Block Group 1; Census Tract 31; Madison County; Alabama,177,72,710,148,730,143,554,125,68,58,451,134,239,81
1500000US010890031002,Block Group 2; Census Tract 31; Madison County; Alabama,16,22,100,104,110,54,19,14,23,26,167,73,110,62
1500000US010890031003,Block Group 3; Census Tract 31; Madison County; Alabama,29,67,45,43,99,78,174,94,67,55,356,133,192,81
1500000US010890101011,Block Group 1; Census Tract 101.01; Madison County; Alabama,0,13,219,129,825,241,322,153,80,72,220,112,45,44
1500000US010890101012,Block Group 2; Census Tract 101.01; Madison County; Alabama,63,82,64,68,286,147,359,271,0,13,217,117,100,92
1500000US010890101013,Block Group 3; Census Tract 101.01; Madison County; Alabama,24,29,138,120,259,153,430,271,30,30,178,136,52,65
1500000US010890101021,Block Group 1; Census Tract 101.02; Madison County; Alabama,5,14,97,92,245,134,488,341,181,132,614,311,264,126
1500000US010890101022,Block Group 2; Census Tract 101.02; Madison County; Alabama,109,174,68,62,942,328,347,217,142,95,710,263,151,113
1500000US010890102001,Block Group 1; Census Tract 102; Madison County; Alabama,19,29,49,48,661,373,344,176,92,55,744,444,98,60
1500000US010890102002,Block Group 2; Census Tract 102; Madison County; Alabama,0,13,0,13,494,180,464,180,217,120,452,172,140,92
1500000US010890102003,Block Group 3; Census Tract 102; Madison County; Alabama,10,18,48,52,307,173,242,190,108,81,219,217,116,125
1500000US010890103021,Block Group 1; Census Tract 103.02; Madison County; Alabama,26,39,282,222,575,203,505,231,142,95,276,309,50,41
1500000US010890103022,Block Group 2; Census Tract 103.02; Madison County; Alabama,0,13,183,99,481,180,474,174,295,145,240,93,204,91
1500000US010890103031,Block Group 1; Census Tract 103.03; Madison County; Alabama,12,21,152,147,517,294,397,212,66,61,250,140,114,79
1500000US010890103032,Block Group 2; Census Tract 103.03; Madison County; Alabama,306,386,34,33,503,255,140,94,121,91,371,149,157,110
1500000US010890103041,Block Group 1; Census Tract 103.04; Madison County; Alabama,0,13,16,26,207,110,188,118,0,13,104,125,72,65
1500000US010890103042,Block Group 2; Census Tract 103.04; Madison County; Alabama,0,13,119,74,192,115,200,145,52,56,152,89,18,29
1500000US010890103043,Block Group 3; Census Tract 103.04; Madison County; Alabama,22,37,34,39,387,173,120,78,74,58,430,271,110,85
1500000US010890103044,Block Group 4; Census Tract 103.04; Madison County; Alabama,16,26,88,79,398,271,235,144,21,34,241,177,126,109
1500000US010890104031,Block Group 1; Census Tract 104.03; Madison County; Alabama,73,79,25,43,589,283,89,72,117,76,102,71,40,56
1500000US010890104032,Block Group 2; Census Tract 104.03; Madison County; Alabama,0,13,77,85,384,185,237,119,93,71,131,72,137,108
1500000US010890104041,Block Group 1; Census Tract 104.04; Madison County; Alabama,114,84,163,122,514,229,351,205,55,56,104,86,131,97
1500000US010890104042,Block Group 2; Census Tract 104.04; Madison County; Alabama,67,63,149,115,349,181,129,128,22,30,98,82,30,39
1500000US010890104051,Block Group 1; Census Tract 104.05; Madison County; Alabama,24,37,117,140,294,153,208,128,89,75,228,128,464,397
1500000US010890104052,Block Group 2; Census Tract 104.05; Madison County; Alabama,100,93,138,148,644,336,385,192,120,114,214,124,44,40
1500000US010890104061,Block Group 1; Census Tract 104.06; Madison County; Alabama,77,71,43,55,359,193,170,155,126,88,77,49,124,73
1500000US010890104062,Block Group 2; Census Tract 104.06; Madison County; Alabama,25,43,18,29,393,140,356,215,122,78,374,171,124,76
1500000US010890105021,Block Group 1; Census Tract 105.02; Madison County; Alabama,41,37,86,37,949,471,1013,844,133,69,574,338,130,72
1500000US010890105022,Block Group 2; Census Tract 105.02; Madison County; Alabama,0,13,0,13,286,105,353,138,86,48,260,95,139,75
1500000US010890105031,Block Group 1; Census Tract 105.03; Madison County; Alabama,0,13,0,13,145,197,331,183,187,126,257,136,145,128
1500000US010890105032,Block Group 2; Census Tract 105.03; Madison County; Alabama,95,115,0,13,280,225,159,93,299,270,127,123,251,203
1500000US010890105033,Block Group 3; Census Tract 105.03; Madison County; Alabama,78,94,0,13,270,176,278,197,71,72,59,57,39,67
1500000US010890105034,Block Group 4; Census Tract 105.03; Madison County; Alabama,77,87,21,34,511,241,321,213,45,52,211,214,242,151
1500000US010890105041,Block Group 1; Census Tract 105.04; Madison County; Alabama,46,75,148,172,560,229,493,245,43,55,726,231,520,205
1500000US010890105042,Block Group 2; Census Tract 105.04; Madison County; Alabama,0,13,0,13,120,115,133,142,22,36,354,199,156,98
1500000US010890105043,Block Group 3; Census Tract 105.04; Madison County; Alabama,0,13,21,39,275,236,82,105,91,61,192,116,35,56
1500000US010890105044,Block Group 4; Census Tract 105.04; Madison County; Alabama,0,13,166,234,55,64,86,97,131,113,218,109,156,122
1500000US010890105045,Block Group 5; Census Tract 105.04; Madison County; Alabama,0,13,0,13,101,97,146,112,109,101,173,105,111,87
1500000US010890106121,Block Group 1; Census Tract 106.12; Madison County; Alabama,9,16,0,13,100,76,143,92,142,126,238,136,180,128
1500000US010890106122,Block Group 2; Census Tract 106.12; Madison County; Alabama,0,13,115,103,536,263,498,199,250,143,1016,299,725,241
1500000US010890106123,Block Group 3; Census Tract 106.12; Madison County; Alabama,7,22,17,26,287,143,792,325,93,82,493,173,450,323
1500000US010890106231,Block Group 1; Census Tract 106.23; Madison County; Alabama,0,13,0,13,235,142,240,130,31,37,296,132,500,225
1500000US010890106232,Block Group 2; Census Tract 106.23; Madison County; Alabama,0,13,88,87,188,105,326,207,104,64,1139,835,416,168
1500000US010890106233,Block Group 3; Census Tract 106.23; Madison County; Alabama,16,26,16,27,308,212,461,204,73,46,560,228,541,253
1500000US010890106251,Block Group 1; Census Tract 106.25; Madison County; Alabama,0,13,44,74,372,212,738,450,48,65,183,121,58,66
1500000US010890106252,Block Group 2; Census Tract 106.25; Madison County; Alabama,112,140,18,22,403,198,981,538,0,13,453,359,172,211
1500000US010890106253,Block Group 3; Census Tract 106.25; Madison County; Alabama,0,13,5,50,95,133,176,103,68,66,56,72,68,91
1500000US010890106261,Block Group 1; Census Tract 106.26; Madison County; Alabama,0,13,19,33,116,103,414,164,100,92,90,82,73,90
1500000US010890106262,Block Group 2; Census Tract 106.26; Madison County; Alabama,0,13,55,83,275,193,270,196,23,41,404,232,119,81
1500000US010890106263,Block Group 3; Census Tract 106.26; Madison County; Alabama,0,13,0,13,76,92,207,142,29,45,707,321,167,106
1500000US010890106271,Block Group 1; Census Tract 106.27; Madison County; Alabama,0,13,20,32,116,93,322,298,62,94,968,324,380,169
1500000US010890106272,Block Group 2; Census Tract 106.27; Madison County; Alabama,28,47,0,13,251,233,261,180,208,172,323,170,316,148
1500000US010890106273,Block Group 3; Census Tract 106.27; Madison County; Alabama,20,33,0,13,55,64,38,50,52,65,691,248,204,120
1500000US010890106281,Block Group 1; Census Tract 106.28; Madison County; Alabama,0,13,29,43,186,81,383,395,153,87,309,185,242,204
1500000US010890106282,Block Group 2; Census Tract 106.28; Madison County; Alabama,34,50,0,13,194,86,254,109,115,61,542,183,334,133
1500000US010890106291,Block Group 1; Census Tract 106.29; Madison County; Alabama,46,43,40,56,203,106,386,158,232,126,525,184,307,139
1500000US010890106292,Block Group 2; Census Tract 106.29; Madison County; Alabama,0,13,101,117,216,105,692,231,103,82,533,254,376,148
1500000US010890106301,Block Group 1; Census Tract 106.30; Madison County; Alabama,14,26,19,31,154,89,144,115,95,67,317,130,222,151
1500000US010890106302,Block Group 2; Census Tract 106.30; Madison County; Alabama,17,25,82,69,365,261,202,116,32,30,496,152,336,107
1500000US010890106311,Block Group 1; Census Tract 106.31; Madison County; Alabama,13,22,47,57,168,79,247,149,151,130,891,273,564,219
1500000US010890106312,Block Group 2; Census Tract 106.31; Madison County; Alabama,0,13,32,30,216,165,220,125,197,102,666,225,505,129
1500000US010890107031,Block Group 1; Census Tract 107.03; Madison County; Alabama,9,16,25,32,189,98,192,115,201,122,363,184,109,106
1500000US010890107032,Block Group 2; Census Tract 107.03; Madison County; Alabama,0,13,152,106,978,364,591,176,266,113,918,326,446,228
1500000US010890107041,Block Group 1; Census Tract 107.04; Madison County; Alabama,0,13,70,86,442,157,391,157,67,55,567,215,342,150
1500000US010890107042,Block Group 2; Census Tract 107.04; Madison County; Alabama,117,120,266,170,604,444,252,145,73,51,323,146,159,92
1500000US010890107043,Block Group 3; Census Tract 107.04; Madison County; Alabama,2,4,49,54,354,203,383,181,223,122,217,156,114,82
1500000US010890107051,Block Group 1; Census Tract 107.05; Madison County; Alabama,23,35,43,44,179,98,186,107,123,105,137,108,95,91
1500000US010890107052,Block Group 2; Census Tract 107.05; Madison County; Alabama,163,205,355,364,207,144,852,584,145,93,388,147,348,92
1500000US010890107061,Block Group 1; Census Tract 107.06; Madison County; Alabama,43,53,35,35,243,129,111,71,49,43,48,48,20,23
1500000US010890107062,Block Group 2; Census Tract 107.06; Madison County; Alabama,33,45,40,44,387,160,231,124,102,95,174,100,12,20
1500000US010890107063,Block Group 3; Census Tract 107.06; Madison County; Alabama,0,13,82,73,372,132,456,186,165,81,389,135,182,100
1500000US010890108011,Block Group 1; Census Tract 108.01; Madison County; Alabama,1,4,28,35,298,171,394,199,172,122,373,177,223,128
1500000US010890108012,Block Group 2; Census Tract 108.01; Madison County; Alabama,0,13,44,47,133,124,593,378,132,104,1068,497,277,208
1500000US010890108013,Block Group 3; Census Tract 108.01; Madison County; Alabama,0,13,0,13,142,113,171,107,223,151,233,120,78,72
1500000US010890108021,Block Group 1; Census Tract 108.02; Madison County; Alabama,0,13,27,44,166,119,378,229,19,32,96,93,121,130
1500000US010890108022,Block Group 2; Census Tract 108.02; Madison County; Alabama,0,13,20,39,519,319,589,291,308,197,352,194,131,88
1500000US010890108023,Block Group 3; Census Tract 108.02; Madison County; Alabama,175,234,0,13,193,197,334,325,97,105,266,120,342,183
1500000US010890109021,Block Group 1; Census Tract 109.02; Madison County; Alabama,60,42,54,35,310,108,109,48,55,30,111,46,25,20
1500000US010890109022,Block Group 2; Census Tract 109.02; Madison County; Alabama,0,13,17,18,89,61,80,52,65,33,87,42,62,37
1500000US010890109023,Block Group 3; Census Tract 109.02; Madison County; Alabama,16,18,144,155,149,88,183,132,55,35,153,68,170,67
1500000US010890109031,Block Group 1; Census Tract 109.03; Madison County; Alabama,0,13,21,35,295,192,184,114,73,68,497,385,244,163
1500000US010890109032,Block Group 2; Census Tract 109.03; Madison County; Alabama,0,13,0,13,178,144,148,133,194,126,107,101,479,316
1500000US010890109033,Block Group 3; Census Tract 109.03; Madison County; Alabama,0,13,0,13,361,262,257,165,199,153,838,318,444,168
1500000US010890109041,Block Group 1; Census Tract 109.04; Madison County; Alabama,0,13,74,84,89,60,300,150,53,40,660,253,747,401
1500000US010890109042,Block Group 2; Census Tract 109.04; Madison County; Alabama,0,13,14,18,83,88,56,65,88,55,152,79,426,221
1500000US010890109051,Block Group 1; Census Tract 109.05; Madison County; Alabama,0,13,216,182,203,153,244,217,56,46,847,733,336,144
1500000US010890109052,Block Group 2; Census Tract 109.05; Madison County; Alabama,0,13,0,13,133,82,125,83,79,81,619,295,525,247
1500000US010890109053,Block Group 3; Census Tract 109.05; Madison County; Alabama,72,113,0,13,326,176,263,143,93,128,1051,464,791,225
1500000US010890110121,Block Group 1; Census Tract 110.12; Madison County; Alabama,0,13,63,70,106,73,172,91,68,79,658,289,532,158
1500000US010890110122,Block Group 2; Census Tract 110.12; Madison County; Alabama,0,13,21,32,123,95,191,141,0,13,525,193,570,235
1500000US010890110123,Block Group 3; Census Tract 110.12; Madison County; Alabama,0,13,0,13,182,103,177,98,98,99,279,115,317,138
1500000US010890110131,Block Group 1; Census Tract 110.13; Madison County; Alabama,0,13,0,13,99,69,216,102,79,52,233,96,237,96
1500000US010890110132,Block Group 2; Census Tract 110.13; Madison County; Alabama,0,13,83,79,132,87,127,71,88,67,754,198,501,166
1500000US010890110133,Block Group 3; Census Tract 110.13; Madison County; Alabama,0,13,8,14,166,114,293,150,171,102,225,117,144,87
1500000US010890110211,Block Group 1; Census Tract 110.21; Madison County; Alabama,0,13,0,13,294,190,269,142,151,150,215,129,43,52
1500000US010890110212,Block Group 2; Census Tract 110.21; Madison County; Alabama,0,13,14,27,221,212,167,143,50,64,613,248,474,226
1500000US010890110213,Block Group 3; Census Tract 110.21; Madison County; Alabama,28,43,93,110,206,143,452,268,68,104,341,261,65,61
1500000US010890110231,Block Group 1; Census Tract 110.23; Madison County; Alabama,8,19,22,39,129,78,102,62,150,96,198,90,159,106
1500000US010890110232,Block Group 2; Census Tract 110.23; Madison County; Alabama,12,20,0,13,348,268,109,66,134,86,516,167,280,132
1500000US010890110233,Block Group 3; Census Tract 110.23; Madison County; Alabama,31,31,20,31,314,132,236,135,247,186,823,238,605,184
1500000US010890110241,Block Group 1; Census Tract 110.24; Madison County; Alabama,13,21,67,46,138,76,364,230,98,67,676,185,260,97
1500000US010890110242,Block Group 2; Census Tract 110.24; Madison County; Alabama,0,13,112,171,107,85,213,83,107,61,1014,473,577,190
1500000US010890110251,Block Group 1; Census Tract 110.25; Madison County; Alabama,0,13,0,13,52,48,71,75,121,101,257,169,125,86
1500000US010890110252,Block Group 2; Census Tract 110.25; Madison County; Alabama,0,13,30,50,71,62,136,132,58,62,306,190,152,152
1500000US010890110253,Block Group 3; Census Tract 110.25; Madison County; Alabama,0,13,0,13,208,155,133,91,18,30,178,95,259,132
1500000US010890110254,Block Group 4; Census Tract 110.25; Madison County; Alabama,16,26,33,39,169,122,210,105,32,38,469,150,576,195
1500000US010890110261,Block Group 1; Census Tract 110.26; Madison County; Alabama,46,68,26,30,76,55,68,48,89,82,421,185,311,99
1500000US010890110262,Block Group 2; Census Tract 110.26; Madison County; Alabama,0,13,14,16,140,106,220,123,100,125,423,166,604,237
1500000US010890110271,Block Group 1; Census Tract 110.27; Madison County; Alabama,0,13,0,13,44,48,154,130,63,54,411,152,480,243
1500000US010890110272,Block Group 2; Census Tract 110.27; Madison County; Alabama,7,13,0,13,283,183,116,72,91,75,476,186,272,197
1500000US010890110281,Block Group 1; Census Tract 110.28; Madison County; Alabama,0,13,0,13,97,77,400,338,170,99,188,106,461,456
1500000US010890110282,Block Group 2; Census Tract 110.28; Madison County; Alabama,0,13,0,13,23,37,482,350,0,13,181,113,243,190
1500000US010890110283,Block Group 3; Census Tract 110.28; Madison County; Alabama,0,13,54,59,139,98,165,90,105,90,432,181,509,262
1500000US010890111001,Block Group 1; Census Tract 111; Madison County; Alabama,7,10,7,10,101,73,80,59,29,33,49,25,42,22
1500000US010890111002,Block Group 2; Census Tract 111; Madison County; Alabama,0,13,0,13,126,53,97,43,61,53,145,45,138,60
1500000US010890112011,Block Group 1; Census Tract 112.01; Madison County; Alabama,0,13,87,75,50,74,366,233,95,100,211,117,406,246
1500000US010890112012,Block Group 2; Census Tract 112.01; Madison County; Alabama,0,13,0,13,290,162,522,254,145,121,1232,409,1024,315
1500000US010890112021,Block Group 1; Census Tract 112.02; Madison County; Alabama,0,13,45,44,28,31,581,349,113,126,305,186,221,164
1500000US010890112022,Block Group 2; Census Tract 112.02; Madison County; Alabama,63,86,94,101,214,164,21,31,0,13,275,187,905,509
1500000US010890112023,Block Group 3; Census Tract 112.02; Madison County; Alabama,0,13,0,13,247,178,409,188,72,78,483,214,383,182
1500000US010890112031,Block Group 1; Census Tract 112.03; Madison County; Alabama,26,39,18,31,152,118,233,155,37,56,90,81,151,118
1500000US010890112032,Block Group 2; Census Tract 112.03; Madison County; Alabama,122,112,57,56,813,191,377,167,160,98,606,181,457,207
1500000US010890112033,Block Group 3; Census Tract 112.03; Madison County; Alabama,27,38,0,13,127,116,126,114,47,78,540,298,113,105
1500000US010890113011,Block Group 1; Census Tract 113.01; Madison County; Alabama,52,43,252,160,412,136,262,98,59,32,154,62,246,81
1500000US010890113012,Block Group 2; Census Tract 113.01; Madison County; Alabama,20,20,144,67,290,104,383,116,163,55,121,45,89,48
1500000US010890113021,Block Group 1; Census Tract 113.02; Madison County; Alabama,0,13,17,27,233,98,197,145,58,51,333,123,497,215
1500000US010890113022,Block Group 2; Census Tract 113.02; Madison County; Alabama,0,13,66,70,238,132,275,166,111,85,380,174,74,52
1500000US010890113023,Block Group 3; Census Tract 113.02; Madison County; Alabama,26,22,12,19,273,139,134,86,90,67,515,160,304,128
1500000US010890114001,Block Group 1; Census Tract 114; Madison County; Alabama,0,13,8,12,235,113,79,58,9,14,76,40,63,43
1500000US010890114002,Block Group 2; Census Tract 114; Madison County; Alabama,6,12,52,40,149,82,56,37,32,31,36,33,79,83
1500000US010890114003,Block Group 3; Census Tract 114; Madison County; Alabama,78,68,72,46,313,155,198,78,71,68,41,31,56,55
1500000US010890114004,Block Group 4; Census Tract 114; Madison County; Alabama,12,17,78,66,331,165,297,138,98,71,258,166,27,25
